external_code,name,phone,email,category
0062,Asar Ali,01700000062,,Children Tailoring
0071,Rahima Khatun,01700000071,,Nakshi Kantha
0084,Mofizul Islam,01700000084,,Leather Goods
0095,Shefali Rani,01700000095,,Jewellery
0103,Abul Kalam,01700000103,,Pottery
0117,Jahanara Begum,01700000117,,Home Textile
0128,Nurul Amin,01700000128,,Jute Products
0136,Kulsum Akter,01700000136,,Children Tailoring
0149,Sirajul Haque,01700000149,,Wooden Crafts
0152,Parul Das,01700000152,,Block Print
0167,Hafizur Rahman,01700000167,,Leather Goods
0173,Morium Nesa,01700000173,,Embroidery
0188,Delowar Hossain,01700000188,,Bamboo and Cane
0194,Rupali Sarkar,01700000194,,Jamdani Weaving
0205,Kamal Uddin,01700000205,,Metal Crafts
0216,Salma Parvin,01700000216,,Nakshi Kantha
0229,Ramjan Ali,01700000229,,Terracotta
0231,Anwara Begum,01700000231,,Home Textile
0244,Motiur Rahman,01700000244,,Silk Weaving
0258,Laily Akter,01700000258,,Children Tailoring
0263,Babul Mia,01700000263,,Leather Goods
0277,Hasina Khatun,01700000277,,Block Print
0282,Shamsul Alam,01700000282,,Jewellery
0296,Nilufa Yasmin,01700000296,,Embroidery
0301,Abdur Rob,01700000301,,Jute Products
0315,Shahana Parvin,01700000315,,Aarong Earth Skincare
0328,Mizanur Rahman,01700000328,,Pottery
0334,Beauty Rani,01700000334,,Hand-loom Saree
0347,Golam Rabbani,01700000347,,Wooden Crafts
0359,Fatema Khanam,01700000359,,Nakshi Kantha
0362,Azizul Hakim,01700000362,,Men's Tailoring
0376,Rokeya Sultana,01700000376,,Children Tailoring
0381,Shahjahan Kabir,01700000381,,Metal Crafts
0395,Mahmuda Akter,01700000395,,Home Textile
0408,Nazrul Islam,01700000408,,Leather Goods
0412,Sufia Begum,01700000412,,Embroidery
0427,Aminul Haque,01700000427,,Bamboo and Cane
0439,Jesmin Nahar,01700000439,,Jamdani Weaving
0443,Faruk Hossain,01700000443,,Silk Weaving
0456,Momtaz Begum,01700000456,,Aarong Earth Skincare
